{
	"agcgw":{
		"backurl":"connect-dra.dbankcloud.cn",
		"url":"connect-dra.hispace.hicloud.com"
	},
	"client":{
		"cp_id":"5190081000043451377",
		"product_id":"736430079244676364",
		"client_id":"479405784795448512",
		"client_secret":"BC02E7924FCC21BF5CBDC686A50589FE20BE1CDEB227083EA4A2993E776DC2B0",
		"app_id":"103114809",
		"package_name":"com.sample.hmssample.ml.skeletondetectiondemo",
		"api_key":"CgB6e3x9U+bwt/af5hGf2myf3/q36jeDmQFo+CCm1nN6PmJ7d41CQKtk2w0tldvzIKk4Pdg8DB8VIGy7J//ZLbCE"
	},
	"service":{
		"analytics":{
			"collector_url":"datacollector-dra.dt.hicloud.com,datacollector-dra.dt.dbankcloud.cn",
			"resource_id":"p1",
			"channel_id":""
		},
		"search":{
			"url":"https://search-dra.cloud.huawei.com"
		},
		"cloudstorage":{
			"storage_url":"https://ops-dra.agcstorage.link"
		},
		"ml":{
			"mlservice_url":"ml-api-dra.ai.dbankcloud.com,ml-api-dra.ai.dbankcloud.cn"
		}
	},
	"region":"SG",
	"configuration_version":"1.0"
}