{
	"agcgw":{
		"backurl":"connect-dra.dbankcloud.cn",
		"url":"connect-dra.hispace.hicloud.com"
	},
	"client":{
		"cp_id":"5190081000043451377",
		"product_id":"736430079244687350",
		"client_id":"486835021596853440",
		"client_secret":"2BBDA743D6B3720C44AE854F3340B8797E103470BFFE8761EC3B8598D727E2D5",
		"app_id":"103188487",
		"package_name":"com.sample.hmssample.ml.livenessdetectiondemo",
		"api_key":"CgB6e3x9UfzMoaJ6A/iQeZmaIVSFbsPigpjTIicNZIPIgmdCdj/lNi6WAvwwnnsSv3xCjGaxA1+sHXJ3iCNWRq9g"
	},
	"service":{
		"analytics":{
			"collector_url":"datacollector-dra.dt.hicloud.com,datacollector-dra.dt.dbankcloud.cn",
			"resource_id":"p1",
			"channel_id":""
		},
		"search":{
			"url":"https://search-dra.cloud.huawei.com"
		},
		"cloudstorage":{
			"storage_url":"https://ops-dra.agcstorage.link"
		},
		"ml":{
			"mlservice_url":"ml-api-dra.ai.dbankcloud.com,ml-api-dra.ai.dbankcloud.cn"
		}
	},
	"region":"SG",
	"configuration_version":"1.0"
}