{
	"agcgw":{
		"backurl":"connect-dra.dbankcloud.cn",
		"url":"connect-dra.hispace.hicloud.com"
	},
	"client":{
		"appType":"1",
		"cp_id":"5190081000043451377",
		"product_id":"736430079244751009",
		"client_id":"522361358612705920",
		"client_secret":"31E495C5EAD68814B0CDE44A1DEF8C197873F2B29B7A5C8B59E8F118D93242BF",
		"project_id":"736430079244751009",
		"app_id":"103533197",
		"api_key":"CgB6e3x9KQvGa6vv6rN/OxgPE7Ckn9HD/ZUIulEJOejGF8o80R6hal5ffmVzuafqNaGVuV5IDpdiZM3EH96qnT60",
		"package_name":"com.sample.hmssample.authdemo"
	},
	"service":{
		"analytics":{
			"collector_url":"datacollector-dra.dt.hicloud.com,datacollector-dra.dt.dbankcloud.cn",
			"resource_id":"p1",
			"channel_id":""
		},
		"search":{
			"url":"https://search-dra.cloud.huawei.com"
		},
		"cloudstorage":{
			"storage_url":"https://ops-dra.agcstorage.link"
		},
		"ml":{
			"mlservice_url":"ml-api-dra.ai.dbankcloud.com,ml-api-dra.ai.dbankcloud.cn"
		}
	},
	"region":"SG",
	"configuration_version":"1.0"
}