{
	"agcgw_all":{
		"CN":"connect-drcn.hispace.hicloud.com",
		"CN_back":"connect-drcn.dbankcloud.cn",
		"DE":"connect-dre.hispace.hicloud.com",
		"DE_back":"connect-dre.dbankcloud.cn",
		"RU":"connect-drru.hispace.hicloud.com",
		"RU_back":"connect-drru.dbankcloud.cn",
		"SG":"connect-dra.hispace.hicloud.com",
		"SG_back":"connect-dra.dbankcloud.cn"
	},
	"client":{
		"cp_id":"5190081000043451377",
		"product_id":"736430079245943860",
		"client_id":"695570479737488576",
		"client_secret":"31B5E4FB996BDE78BD6E62F897B1F83402F0CF3BB24AA5AF87F1F3BFB726C986",
		"project_id":"736430079245943860",
		"app_id":"104637333",
		"api_key":"CwEAAAAAXYCty86XOP4rrmu0viKmaeq+RgT3SaJ+WvAoo25Cbkcaw30afXaOl0YqNnaMYHJpis0AdecGneu9sz9s3uwCAIIcHRk=",
		"package_name":"com.sample.hmssample.drivekitdemo"
	},
	"oauth_client":{
		"client_id":"104637333",
		"client_type":1
	},
	"app_info":{
		"app_id":"104637333",
		"package_name":"com.sample.hmssample.drivekitdemo"
	},
	"configuration_version":"3.0",
	"appInfos":[
		{
			"package_name":"com.sample.hmssample.drivekitdemo",
			"client":{
				"app_id":"104637333"
			},
			"app_info":{
				"package_name":"com.sample.hmssample.drivekitdemo",
				"app_id":"104637333"
			},
			"oauth_client":{
				"client_type":1,
				"client_id":"104637333"
			}
		}
	]
}