{
	"agcgw":{
		"backurl":"connect-dra.dbankcloud.cn",
		"url":"connect-dra.hispace.hicloud.com"
	},
	"client":{
		"cp_id":"5190081000043451377",
		"product_id":"736430079244623135",
		"client_id":"443885516400624832",
		"client_secret":"57EDE7C4AB10FBACDA30CED8E9CF0798857F4D24ABB6E41B03C304CF4C31198E",
		"app_id":"102839983",
		"package_name":"com.sample.hmssample.pushdemo",
		"api_key":"CgB6e3x9tT+dKG9OqkJTxbfey99ArxwdXhI0IpIWaqCAjdCjopT2PfS65vPieSAPhtjBF6QtC9Olo9FBVQpr4BiV"
	},
	"service":{
		"analytics":{
			"collector_url":"datacollector-dra.dt.hicloud.com,datacollector-dra.dt.dbankcloud.cn",
			"resource_id":"p1",
			"channel_id":""
		},
		"cloudstorage":{
			"storage_url":"https://ops-dra.agcstorage.link"
		},
		"ml":{
			"mlservice_url":"ml-api-dra.ai.dbankcloud.com,ml-api-dra.ai.dbankcloud.cn"
		}
	},
	"region":"SG",
	"configuration_version":"1.0"
}